id_ligne_num;route_short_name;route_long_name;sous_ligne;id_ag_num_debut;id_ag_num_terminus;direction_id;nb_arrets;DIST_Vol_Oiseau;ag_origin_name;ag_destination_name
1;C1;Grenoble Cité Jean Macé / Montbonnot-Saint-Martin Pré de l'Eau;1_0_10255_10767_26_5370.0;10255;10767;0;26;5370.0;MONTBONNOT-SAINT-MARTIN, PRE DE L'EAU;GRENOBLE, VICTOR HUGO
1;C1;Grenoble Cité Jean Macé / Montbonnot-Saint-Martin Pré de l'Eau;1_0_10526_10767_26_8818.0;10526;10767;0;26;8818.0;MEYLAN, MAISON DE LA MUSIQUE;GRENOBLE, VICTOR HUGO
1;C1;Grenoble Cité Jean Macé / Montbonnot-Saint-Martin Pré de l'Eau;1_0_10680_10767_26_11532.0;10680;10767;0;26;11532.0;LA TRONCHE, SABLONS;GRENOBLE, VICTOR HUGO
1;C1;Grenoble Cité Jean Macé / Montbonnot-Saint-Martin Pré de l'Eau;1_1_10155_10255_25_6529.0;10155;10255;1;25;6529.0;GRENOBLE, CHAVANT;MONTBONNOT-SAINT-MARTIN, PRE DE L'EAU
2;C2;Grenoble Louise Michel / Claix Pont Rouge;2_0_10631_10708_15_4471.0;10631;10708;0;15;4471.0;CLAIX, PONT ROUGE;GRENOBLE, STADE LESDIGUIERES
2;C2;Grenoble Louise Michel / Claix Pont Rouge;2_1_10708_10631_15_4471.0;10708;10631;1;15;4471.0;GRENOBLE, STADE LESDIGUIERES;CLAIX, PONT ROUGE
3;C3;Échirolles Centre du graphisme / Grenoble Victor Hugo;3_0_10767_10327_12_0.0;10767;10327;0;12;0.0;GRENOBLE, VICTOR HUGO;GRENOBLE, GRAND'PLACE
3;C3;Échirolles Centre du graphisme / Grenoble Victor Hugo;3_0_10767_10333_22_310.0;10767;10333;0;22;310.0;GRENOBLE, VICTOR HUGO;ECHIROLLES, CENTRE DU GRAPHISME
3;C3;Échirolles Centre du graphisme / Grenoble Victor Hugo;3_1_10327_10767_13_0.0;10327;10767;1;13;0.0;GRENOBLE, GRAND'PLACE;GRENOBLE, VICTOR HUGO
3;C3;Échirolles Centre du graphisme / Grenoble Victor Hugo;3_1_10327_10767_14_0.0;10327;10767;1;14;0.0;GRENOBLE, GRAND'PLACE;GRENOBLE, VICTOR HUGO
3;C3;Échirolles Centre du graphisme / Grenoble Victor Hugo;3_1_10333_10767_22_818.0;10333;10767;1;22;818.0;ECHIROLLES, CENTRE DU GRAPHISME;GRENOBLE, VICTOR HUGO
3;C3;Échirolles Centre du graphisme / Grenoble Victor Hugo;3_1_10333_10767_23_818.0;10333;10767;1;23;818.0;ECHIROLLES, CENTRE DU GRAPHISME;GRENOBLE, VICTOR HUGO
4;C4;Grenoble Victor Hugo / Eybens Le Verderet;4_0_10241_10767_12_718.0;10241;10767;0;12;718.0;EYBENS, GENERAL DE GAULLE;GRENOBLE, VICTOR HUGO
4;C4;Grenoble Victor Hugo / Eybens Le Verderet;4_0_10473_10767_11_322.0;10473;10767;0;11;322.0;EYBENS, MAISONS NEUVES;GRENOBLE, VICTOR HUGO
4;C4;Grenoble Victor Hugo / Eybens Le Verderet;4_0_10758_10767_17_981.0;10758;10767;0;17;981.0;EYBENS, LE VERDERET;GRENOBLE, VICTOR HUGO
4;C4;Grenoble Victor Hugo / Eybens Le Verderet;4_1_10767_10241_12_718.0;10767;10241;1;12;718.0;GRENOBLE, VICTOR HUGO;EYBENS, GENERAL DE GAULLE
4;C4;Grenoble Victor Hugo / Eybens Le Verderet;4_1_10767_10758_17_1281.0;10767;10758;1;17;1281.0;GRENOBLE, VICTOR HUGO;EYBENS, LE VERDERET
5;C5;Gières Université - Biologie / Grenoble Palais de Justice - Gare;5_0_10279_10079_27_2648.0;10279;10079;0;27;2648.0;GRENOBLE, ESCLANGON;GIERES, UNIVERSITE - BIOLOGIE
5;C5;Gières Université - Biologie / Grenoble Palais de Justice - Gare;5_1_10079_10279_27_3391.0;10079;10279;1;27;3391.0;GIERES, UNIVERSITE - BIOLOGIE;GRENOBLE, ESCLANGON
6;C6;Eybens Maisons Neuves / Grenoble Oxford;6_0_10487_10473_31_5439.0;10487;10473;0;31;5439.0;GRENOBLE, MARTYRS - RESISTANCE;EYBENS, MAISONS NEUVES
6;C6;Eybens Maisons Neuves / Grenoble Oxford;6_0_10548_10327_27_3972.0;10548;10327;0;27;3972.0;GRENOBLE, OXFORD;GRENOBLE, GRAND'PLACE
6;C6;Eybens Maisons Neuves / Grenoble Oxford;6_0_10548_10473_31_5130.0;10548;10473;0;31;5130.0;GRENOBLE, OXFORD;EYBENS, MAISONS NEUVES
6;C6;Eybens Maisons Neuves / Grenoble Oxford;6_1_10327_10548_26_3972.0;10327;10548;1;26;3972.0;GRENOBLE, GRAND'PLACE;GRENOBLE, OXFORD
6;C6;Eybens Maisons Neuves / Grenoble Oxford;6_1_10473_10548_30_5130.0;10473;10548;1;30;5130.0;EYBENS, MAISONS NEUVES;GRENOBLE, OXFORD
7;C7;Échirolles Comboire / Saint-Martin-d'Hères Henri Wallon;7_0_10282_10249_25_2265.0;10282;10249;0;25;2265.0;SAINT-MARTIN-D'HERES, ETIENNE GRAPPE;ECHIROLLES, DRAC
7;C7;Échirolles Comboire / Saint-Martin-d'Hères Henri Wallon;7_1_10207_10282_25_4429.0;10207;10282;1;25;4429.0;SEYSSINS, COMBOIRE;SAINT-MARTIN-D'HERES, ETIENNE GRAPPE
8;C8;Grenoble Victor Hugo - Belgrade / Gières Université - IUT-STAPS;8_0_10079_10066_36_2864.0;10079;10066;0;36;2864.0;GIERES, UNIVERSITE - BIOLOGIE;GRENOBLE, VICTOR HUGO - BELGRADE
8;C8;Grenoble Victor Hugo - Belgrade / Gières Université - IUT-STAPS;8_0_10327_10066_20_206.0;10327;10066;0;20;206.0;GRENOBLE, GRAND'PLACE;GRENOBLE, VICTOR HUGO - BELGRADE
8;C8;Grenoble Victor Hugo - Belgrade / Gières Université - IUT-STAPS;8_0_10367_10066_38_3510.0;10367;10066;0;38;3510.0;GIERES, UNIVERSITE - IUT-STAPS;GRENOBLE, VICTOR HUGO - BELGRADE
8;C8;Grenoble Victor Hugo - Belgrade / Gières Université - IUT-STAPS;8_1_10066_10079_37_1481.0;10066;10079;1;37;1481.0;GRENOBLE, VICTOR HUGO - BELGRADE;GIERES, UNIVERSITE - BIOLOGIE
8;C8;Grenoble Victor Hugo - Belgrade / Gières Université - IUT-STAPS;8_1_10066_10327_22_650.0;10066;10327;1;22;650.0;GRENOBLE, VICTOR HUGO - BELGRADE;GRENOBLE, GRAND'PLACE
8;C8;Grenoble Victor Hugo - Belgrade / Gières Université - IUT-STAPS;8_1_10066_10367_39_2127.0;10066;10367;1;39;2127.0;GRENOBLE, VICTOR HUGO - BELGRADE;GIERES, UNIVERSITE - IUT-STAPS
8;C8;Grenoble Victor Hugo - Belgrade / Gières Université - IUT-STAPS;8_1_10347_10327_12_268.0;10347;10327;1;12;268.0;GRENOBLE, HENRI DUNANT;GRENOBLE, GRAND'PLACE
8;C8;Grenoble Victor Hugo - Belgrade / Gières Université - IUT-STAPS;8_1_10642_10367_39_5341.0;10642;10367;1;39;5341.0;GRENOBLE, RAYMOND CHANAS;GIERES, UNIVERSITE - IUT-STAPS
8;C8;Grenoble Victor Hugo - Belgrade / Gières Université - IUT-STAPS;8_1_10708_10367_22_1477.0;10708;10367;1;22;1477.0;GRENOBLE, STADE LESDIGUIERES;GIERES, UNIVERSITE - IUT-STAPS
9;C10;Bernin Cloyères / Échirolles Marie Curie;9_0_10600_10194_38_9290.0;10600;10194;0;38;9290.0;ECHIROLLES, ANTOINE POLOTTI;BERNIN, CLOYERES
9;C10;Bernin Cloyères / Échirolles Marie Curie;9_1_10194_10600_37_12767.0;10194;10600;1;37;12767.0;BERNIN, CLOYERES;ECHIROLLES, ANTOINE POLOTTI
10;C14;Grenoble Gares / St-Georges-de-Commiers Gare;10_0_10682_10022_18_20735.0;10682;10022;0;18;20735.0;LE GUA, LES SAILLANTS;GRENOBLE, ALSACE-LORRAINE
10;C14;Grenoble Gares / St-Georges-de-Commiers Gare;10_0_10682_10022_23_20771.0;10682;10022;0;23;20771.0;LE GUA, LES SAILLANTS;GRENOBLE, ALSACE-LORRAINE
10;C14;Grenoble Gares / St-Georges-de-Commiers Gare;10_0_10718_10022_11_18940.0;10718;10022;0;11;18940.0;SAINT-GEORGES-DE-COMMIERS, ST-GEORGES-DE-COMMIERS GARE;GRENOBLE, ALSACE-LORRAINE
10;C14;Grenoble Gares / St-Georges-de-Commiers Gare;10_0_10718_10022_16_18976.0;10718;10022;0;16;18976.0;SAINT-GEORGES-DE-COMMIERS, ST-GEORGES-DE-COMMIERS GARE;GRENOBLE, ALSACE-LORRAINE
10;C14;Grenoble Gares / St-Georges-de-Commiers Gare;10_0_10749_10022_9_12431.0;10749;10022;0;9;12431.0;VARCES-ALLIERES-ET-RISSET, REPUBLIQUE;GRENOBLE, ALSACE-LORRAINE
10;C14;Grenoble Gares / St-Georges-de-Commiers Gare;10_1_10747_10682_23_19741.0;10747;10682;1;23;19741.0;GRENOBLE, VALLIER - LIBERATION;LE GUA, LES SAILLANTS
10;C14;Grenoble Gares / St-Georges-de-Commiers Gare;10_1_10747_10718_16_17946.0;10747;10718;1;16;17946.0;GRENOBLE, VALLIER - LIBERATION;SAINT-GEORGES-DE-COMMIERS, ST-GEORGES-DE-COMMIERS GARE
11;15;Domène Les Arnauds / Domène Chenevières / Grenoble Verdun - Préfecture;11_0_10643_10759_24_690.0;10643;10759;0;24;690.0;DOMENE, RENE CASSIN;GRENOBLE, VERDUN - PREFECTURE
11;15;Domène Les Arnauds / Domène Chenevières / Grenoble Verdun - Préfecture;11_0_10643_10759_25_690.0;10643;10759;0;25;690.0;DOMENE, RENE CASSIN;GRENOBLE, VERDUN - PREFECTURE
11;15;Domène Les Arnauds / Domène Chenevières / Grenoble Verdun - Préfecture;11_0_10761_10759_25_690.0;10761;10759;0;25;690.0;DOMENE, LES VERNES;GRENOBLE, VERDUN - PREFECTURE
11;15;Domène Les Arnauds / Domène Chenevières / Grenoble Verdun - Préfecture;11_0_10761_10759_26_690.0;10761;10759;0;26;690.0;DOMENE, LES VERNES;GRENOBLE, VERDUN - PREFECTURE
11;15;Domène Les Arnauds / Domène Chenevières / Grenoble Verdun - Préfecture;11_1_10759_10643_24_1544.0;10759;10643;1;24;1544.0;GRENOBLE, VERDUN - PREFECTURE;DOMENE, RENE CASSIN
11;15;Domène Les Arnauds / Domène Chenevières / Grenoble Verdun - Préfecture;11_1_10759_10643_25_1544.0;10759;10643;1;25;1544.0;GRENOBLE, VERDUN - PREFECTURE;DOMENE, RENE CASSIN
11;15;Domène Les Arnauds / Domène Chenevières / Grenoble Verdun - Préfecture;11_1_10759_10761_25_972.0;10759;10761;1;25;972.0;GRENOBLE, VERDUN - PREFECTURE;DOMENE, LES VERNES
11;15;Domène Les Arnauds / Domène Chenevières / Grenoble Verdun - Préfecture;11_1_10759_10761_26_972.0;10759;10761;1;26;972.0;GRENOBLE, VERDUN - PREFECTURE;DOMENE, LES VERNES
12;16;Le Pont-de-Claix Gendarmerie / Saint-Martin-d'Hères Les Alloves;12_0_10011_10394_8_491.0;10011;10394;0;8;491.0;ECHIROLLES, AUGUSTE DELAUNE;LE PONT-DE-CLAIX, GENDARMERIE
12;16;Le Pont-de-Claix Gendarmerie / Saint-Martin-d'Hères Les Alloves;12_0_10242_10394_13_491.0;10242;10394;0;13;491.0;ECHIROLLES, DENIS PAPIN;LE PONT-DE-CLAIX, GENDARMERIE
12;16;Le Pont-de-Claix Gendarmerie / Saint-Martin-d'Hères Les Alloves;12_0_10356_10394_36_2110.0;10356;10394;0;36;2110.0;SAINT-MARTIN-D'HERES, HOUILLE BLANCHE;LE PONT-DE-CLAIX, GENDARMERIE
12;16;Le Pont-de-Claix Gendarmerie / Saint-Martin-d'Hères Les Alloves;12_1_10394_10020_34_1770.0;10394;10020;1;34;1770.0;LE PONT-DE-CLAIX, GENDARMERIE;SAINT-MARTIN-D'HERES, LES ALLOVES
13;17;Grenoble Verdun - Préfecture / Meylan Lycée du Grésivaudan;13_0_10238_10759_14_0.0;10238;10759;0;14;0.0;CORENC, CROIX DE MONTFLEURY;GRENOBLE, VERDUN - PREFECTURE
13;17;Grenoble Verdun - Préfecture / Meylan Lycée du Grésivaudan;13_0_10465_10759_21_0.0;10465;10759;0;21;0.0;MEYLAN, LYCEE DU GRESIVAUDAN;GRENOBLE, VERDUN - PREFECTURE
13;17;Grenoble Verdun - Préfecture / Meylan Lycée du Grésivaudan;13_1_10759_10465_20_472.0;10759;10465;1;20;472.0;GRENOBLE, VERDUN - PREFECTURE;MEYLAN, LYCEE DU GRESIVAUDAN
13;17;Grenoble Verdun - Préfecture / Meylan Lycée du Grésivaudan;13_1_10759_10514_13_472.0;10759;10514;1;13;472.0;GRENOBLE, VERDUN - PREFECTURE;CORENC, MONTFLEURY
14;18;Meylan Lycée du Grésivaudan / Poisat Cimetière Intercommunal;14_0_10033_10759_9_1125.0;10033;10759;0;9;1125.0;GRENOBLE, ANDRE ARGOUGES;GRENOBLE, VERDUN - PREFECTURE
14;18;Meylan Lycée du Grésivaudan / Poisat Cimetière Intercommunal;14_0_10155_10465_20_2909.0;10155;10465;0;20;2909.0;GRENOBLE, CHAVANT;MEYLAN, LYCEE DU GRESIVAUDAN
14;18;Meylan Lycée du Grésivaudan / Poisat Cimetière Intercommunal;14_0_10655_10465_35_3231.0;10655;10465;0;35;3231.0;POISAT, ROBESPIERRE;MEYLAN, LYCEE DU GRESIVAUDAN
14;18;Meylan Lycée du Grésivaudan / Poisat Cimetière Intercommunal;14_1_10465_10430_34_3085.0;10465;10430;1;34;3085.0;MEYLAN, LYCEE DU GRESIVAUDAN;SAINT-MARTIN-D'HERES, LE MARAIS
14;18;Meylan Lycée du Grésivaudan / Poisat Cimetière Intercommunal;14_1_10759_10430_17_1125.0;10759;10430;1;17;1125.0;GRENOBLE, VERDUN - PREFECTURE;SAINT-MARTIN-D'HERES, LE MARAIS
15;19;Sassenage L'Ovalie / Seyssins Garlettes;15_0_10349_10547_28_3940.0;10349;10547;0;28;3940.0;SEYSSINS, HENRI REY;SASSENAGE, L'OVALIE (REGULATION)
15;19;Sassenage L'Ovalie / Seyssins Garlettes;15_1_10547_10349_28_5206.0;10547;10349;1;28;5206.0;SASSENAGE, L'OVALIE (REGULATION);SEYSSINS, HENRI REY
16;20;Veurey-Voroize La Rive / Seyssinet-Pariset Hôtel de Ville;16_0_10692_10150_13_2698.0;10692;10150;0;13;2698.0;SEYSSINET-PARISET, SEYSSINET-PARISET HOTEL DE VILLE;SASSENAGE, CHATEAU DE SASSENAGE
16;20;Veurey-Voroize La Rive / Seyssinet-Pariset Hôtel de Ville;16_0_10692_10766_24_2896.0;10692;10766;0;24;2896.0;SEYSSINET-PARISET, SEYSSINET-PARISET HOTEL DE VILLE;VEUREY-VOROIZE, LA RIVE
16;20;Veurey-Voroize La Rive / Seyssinet-Pariset Hôtel de Ville;16_1_10150_10692_14_2967.0;10150;10692;1;14;2967.0;SASSENAGE, CHATEAU DE SASSENAGE;SEYSSINET-PARISET, SEYSSINET-PARISET HOTEL DE VILLE
16;20;Veurey-Voroize La Rive / Seyssinet-Pariset Hôtel de Ville;16_1_10766_10403_19_0.0;10766;10403;1;19;0.0;VEUREY-VOROIZE, LA RIVE;FONTAINE, LA POYA
16;20;Veurey-Voroize La Rive / Seyssinet-Pariset Hôtel de Ville;16_1_10766_10692_25_2967.0;10766;10692;1;25;2967.0;VEUREY-VOROIZE, LA RIVE;SEYSSINET-PARISET, SEYSSINET-PARISET HOTEL DE VILLE
17;21;Seyssins Le Prisme / Claix Pont Rouge;17_0_10631_10626_17_4482.0;10631;10626;0;17;4482.0;CLAIX, PONT ROUGE;SEYSSINS, LE PRISME
17;21;Seyssins Le Prisme / Claix Pont Rouge;17_1_10626_10631_16_3960.0;10626;10631;1;16;3960.0;SEYSSINS, LE PRISME;CLAIX, PONT ROUGE
18;22;Grenoble Oxford / Saint-Égrève Gare;18_0_10271_10548_19_6504.0;10271;10548;0;19;6504.0;SAINT-EGREVE, SAINT-EGREVE GARE;GRENOBLE, OXFORD
18;22;Grenoble Oxford / Saint-Égrève Gare;18_1_10548_10271_20_4682.0;10548;10271;1;20;4682.0;GRENOBLE, OXFORD;SAINT-EGREVE, SAINT-EGREVE GARE
19;23;Saint-Martin-d'Hères Université - Bibliothèques / Vizille Le Péage;19_0_10565_10077_22_16818.0;10565;10077;0;22;16818.0;VIZILLE, LE PEAGE;GIERES, UNIVERSITE - BIBLIOTHEQUES
19;23;Saint-Martin-d'Hères Université - Bibliothèques / Vizille Le Péage;19_0_10565_10077_30_16573.0;10565;10077;0;30;16573.0;VIZILLE, LE PEAGE;GIERES, UNIVERSITE - BIBLIOTHEQUES
19;23;Saint-Martin-d'Hères Université - Bibliothèques / Vizille Le Péage;19_1_10079_10565_22_16519.0;10079;10565;1;22;16519.0;GIERES, UNIVERSITE - BIOLOGIE;VIZILLE, LE PEAGE
19;23;Saint-Martin-d'Hères Université - Bibliothèques / Vizille Le Péage;19_1_10079_10565_30_16267.0;10079;10565;1;30;16267.0;GIERES, UNIVERSITE - BIOLOGIE;VIZILLE, LE PEAGE
19;23;Saint-Martin-d'Hères Université - Bibliothèques / Vizille Le Péage;19_1_10675_10565_30_16236.0;10675;10565;1;30;16236.0;SAINT-MARTIN-D'URIAGE, ROUTE DE SAINT-MARTIN;VIZILLE, LE PEAGE
20;24;Gières Gare - Chamandier / Grenoble Verdun - Préfecture;20_0_10759_10376_15_0.0;10759;10376;0;15;0.0;GRENOBLE, VERDUN - PREFECTURE;GIERES, GIERES GARE - CHAMANDIER
20;24;Gières Gare - Chamandier / Grenoble Verdun - Préfecture;20_1_10376_10759_15_0.0;10376;10759;1;15;0.0;GIERES, GIERES GARE - CHAMANDIER;GRENOBLE, VERDUN - PREFECTURE
21;25;Grenoble Colonel Dumont / Le Gua Les Saillants;21_0_10411_10103_27_12650.0;10411;10103;0;27;12650.0;VIF, LA VALONNE;GRENOBLE, COLONEL DUMONT
21;25;Grenoble Colonel Dumont / Le Gua Les Saillants;21_0_10682_10022_35_16614.0;10682;10022;0;35;16614.0;LE GUA, LES SAILLANTS;GRENOBLE, ALSACE-LORRAINE
21;25;Grenoble Colonel Dumont / Le Gua Les Saillants;21_0_10682_10103_34_16187.0;10682;10103;0;34;16187.0;LE GUA, LES SAILLANTS;GRENOBLE, COLONEL DUMONT
21;25;Grenoble Colonel Dumont / Le Gua Les Saillants;21_1_10103_10411_26_13639.0;10103;10411;1;26;13639.0;GRENOBLE, COLONEL DUMONT;VIF, LA VALONNE
21;25;Grenoble Colonel Dumont / Le Gua Les Saillants;21_1_10103_10411_26_15102.0;10103;10411;1;26;15102.0;GRENOBLE, COLONEL DUMONT;VIF, LA VALONNE
21;25;Grenoble Colonel Dumont / Le Gua Les Saillants;21_1_10103_10682_33_17176.0;10103;10682;1;33;17176.0;GRENOBLE, COLONEL DUMONT;LE GUA, LES SAILLANTS
21;25;Grenoble Colonel Dumont / Le Gua Les Saillants;21_1_10103_10682_33_18195.0;10103;10682;1;33;18195.0;GRENOBLE, COLONEL DUMONT;LE GUA, LES SAILLANTS
21;25;Grenoble Colonel Dumont / Le Gua Les Saillants;21_1_10216_10682_35_17315.0;10216;10682;1;35;17315.0;GRENOBLE, CONDORCET;LE GUA, LES SAILLANTS
21;25;Grenoble Colonel Dumont / Le Gua Les Saillants;21_1_10309_10411_26_27334.0;10309;10411;1;26;27334.0;VIF, LES GARCINS;VIF, LA VALONNE
21;25;Grenoble Colonel Dumont / Le Gua Les Saillants;21_1_10631_10682_33_23868.0;10631;10682;1;33;23868.0;CLAIX, PONT ROUGE;LE GUA, LES SAILLANTS
21;25;Grenoble Colonel Dumont / Le Gua Les Saillants;21_1_10638_10682_33_20085.0;10638;10682;1;33;20085.0;ECHIROLLES, QUINZAINE;LE GUA, LES SAILLANTS
22;41;La Tronche Grand Sablon / Corenc La Garenne;22_0_10311_10335_17_3239.0;10311;10335;0;17;3239.0;CORENC, LA GARENNE;LA TRONCHE, GRAND SABLON
22;41;La Tronche Grand Sablon / Corenc La Garenne;22_1_10119_10311_17_3042.0;10119;10311;1;17;3042.0;CORENC, LE CEDRE;CORENC, LA GARENNE
23;42;Meylan Place de la Louisiane / Montbonnot-Saint-Martin Pré de l'Eau;23_0_10255_10674_22_4045.0;10255;10674;0;22;4045.0;MONTBONNOT-SAINT-MARTIN, PRE DE L'EAU;MEYLAN, REVIREE - SAYETTES
23;42;Meylan Place de la Louisiane / Montbonnot-Saint-Martin Pré de l'Eau;23_0_10255_10674_23_5242.0;10255;10674;0;23;5242.0;MONTBONNOT-SAINT-MARTIN, PRE DE L'EAU;MEYLAN, REVIREE - SAYETTES
23;42;Meylan Place de la Louisiane / Montbonnot-Saint-Martin Pré de l'Eau;23_0_10725_10674_15_1420.0;10725;10674;0;15;1420.0;MEYLAN, SAINT-VICTOR;MEYLAN, REVIREE - SAYETTES
23;42;Meylan Place de la Louisiane / Montbonnot-Saint-Martin Pré de l'Eau;23_1_10526_10523_21_3115.0;10526;10523;1;21;3115.0;MEYLAN, MAISON DE LA MUSIQUE;MONTBONNOT-SAINT-MARTIN, LE PRIEURE
23;42;Meylan Place de la Louisiane / Montbonnot-Saint-Martin Pré de l'Eau;23_1_10526_10523_22_4312.0;10526;10523;1;22;4312.0;MEYLAN, MAISON DE LA MUSIQUE;MONTBONNOT-SAINT-MARTIN, LE PRIEURE
24;44;Miribel-Lanchâtre Le Vernay / Le Gua Prélenfrey Eglise / Col de l'Arzelier / Le Gua Les Saillants;24_0_10682_10196_9_876.0;10682;10196;0;9;876.0;LE GUA, LES SAILLANTS;LE GUA, COL DE L'ARZELIER
24;44;Miribel-Lanchâtre Le Vernay / Le Gua Prélenfrey Eglise / Col de l'Arzelier / Le Gua Les Saillants;24_0_10682_10507_9_0.0;10682;10507;0;9;0.0;LE GUA, LES SAILLANTS;MIRIBEL-LANCHATRE, MIRIBEL
24;44;Miribel-Lanchâtre Le Vernay / Le Gua Prélenfrey Eglise / Col de l'Arzelier / Le Gua Les Saillants;24_1_10196_10682_9_876.0;10196;10682;1;9;876.0;LE GUA, COL DE L'ARZELIER;LE GUA, LES SAILLANTS
24;44;Miribel-Lanchâtre Le Vernay / Le Gua Prélenfrey Eglise / Col de l'Arzelier / Le Gua Les Saillants;24_1_10507_10682_9_599.0;10507;10682;1;9;599.0;MIRIBEL-LANCHATRE, MIRIBEL;LE GUA, LES SAILLANTS
24;44;Miribel-Lanchâtre Le Vernay / Le Gua Prélenfrey Eglise / Col de l'Arzelier / Le Gua Les Saillants;24_1_10682_10682_7_0.0;10682;10682;1;7;0.0;LE GUA, LES SAILLANTS;LE GUA, LES SAILLANTS
25;45;Vif La Valonne / Varces-Allières-et-Risset Rond Point de l'Europe;25_0_10322_10411_24_8342.0;10322;10411;0;24;8342.0;VARCES-ALLIERES-ET-RISSET, LA GIRAUDIERE;VIF, LA VALONNE
25;45;Vif La Valonne / Varces-Allières-et-Risset Rond Point de l'Europe;25_0_10664_10411_22_7967.0;10664;10411;0;22;7967.0;VARCES-ALLIERES-ET-RISSET, ROND-POINT DE L'EUROPE;VIF, LA VALONNE
25;45;Vif La Valonne / Varces-Allières-et-Risset Rond Point de l'Europe;25_1_10411_10322_24_8342.0;10411;10322;1;24;8342.0;VIF, LA VALONNE;VARCES-ALLIERES-ET-RISSET, LA GIRAUDIERE
25;45;Vif La Valonne / Varces-Allières-et-Risset Rond Point de l'Europe;25_1_10411_10538_32_10890.0;10411;10538;1;32;10890.0;VIF, LA VALONNE;VARCES-ALLIERES-ET-RISSET, NIVOLON
25;45;Vif La Valonne / Varces-Allières-et-Risset Rond Point de l'Europe;25_1_10411_10664_22_7967.0;10411;10664;1;22;7967.0;VIF, LA VALONNE;VARCES-ALLIERES-ET-RISSET, ROND-POINT DE L'EUROPE
26;46;Varces-Allières-et-Risset Rond Point de l'Europe / Saint-Paul-de-Varces Place;26_0_10705_10322_13_5058.0;10705;10322;0;13;5058.0;SAINT-PAUL-DE-VARCES, SAINT-PAUL-DE-VARCES PLACE;VARCES-ALLIERES-ET-RISSET, LA GIRAUDIERE
26;46;Varces-Allières-et-Risset Rond Point de l'Europe / Saint-Paul-de-Varces Place;26_0_10705_10664_11_4683.0;10705;10664;0;11;4683.0;SAINT-PAUL-DE-VARCES, SAINT-PAUL-DE-VARCES PLACE;VARCES-ALLIERES-ET-RISSET, ROND-POINT DE L'EUROPE
26;46;Varces-Allières-et-Risset Rond Point de l'Europe / Saint-Paul-de-Varces Place;26_1_10322_10705_13_5058.0;10322;10705;1;13;5058.0;VARCES-ALLIERES-ET-RISSET, LA GIRAUDIERE;SAINT-PAUL-DE-VARCES, SAINT-PAUL-DE-VARCES PLACE
26;46;Varces-Allières-et-Risset Rond Point de l'Europe / Saint-Paul-de-Varces Place;26_1_10664_10705_11_4683.0;10664;10705;1;11;4683.0;VARCES-ALLIERES-ET-RISSET, ROND-POINT DE L'EUROPE;SAINT-PAUL-DE-VARCES, SAINT-PAUL-DE-VARCES PLACE
27;47;Varces-Allières-et-Risset Risset / Claix Val d'Allières;27_0_10631_10652_6_2021.0;10631;10652;0;6;2021.0;CLAIX, PONT ROUGE;VARCES-ALLIERES-ET-RISSET, RISSET
27;47;Varces-Allières-et-Risset Risset / Claix Val d'Allières;27_0_10743_10652_17_3704.0;10743;10652;0;17;3704.0;CLAIX, VAL D'ALLIERES;VARCES-ALLIERES-ET-RISSET, RISSET
27;47;Varces-Allières-et-Risset Risset / Claix Val d'Allières;27_1_10652_10631_6_2021.0;10652;10631;1;6;2021.0;VARCES-ALLIERES-ET-RISSET, RISSET;CLAIX, PONT ROUGE
27;47;Varces-Allières-et-Risset Risset / Claix Val d'Allières;27_1_10652_10743_17_4225.0;10652;10743;1;17;4225.0;VARCES-ALLIERES-ET-RISSET, RISSET;CLAIX, VAL D'ALLIERES
28;48;Claix Pont Rouge / Claix Cossey;28_0_10223_10631_16_4855.0;10223;10631;0;16;4855.0;CLAIX, COSSEY;CLAIX, PONT ROUGE
28;48;Claix Pont Rouge / Claix Cossey;28_1_10631_10223_16_4855.0;10631;10223;1;16;4855.0;CLAIX, PONT ROUGE;CLAIX, COSSEY
29;49;Seyssinet-Pariset Cimetière / Seyssins Clinique du Dauphiné;29_0_10186_10176_13_3551.0;10186;10176;0;13;3551.0;SEYSSINS, CLINIQUE - PORTAIL;SEYSSINET-PARISET, CIMETIERE
29;49;Seyssinet-Pariset Cimetière / Seyssins Clinique du Dauphiné;29_0_10415_10176_12_3480.0;10415;10176;0;12;3480.0;SEYSSINS, CLINIQUE DU DAUPHINE;SEYSSINET-PARISET, CIMETIERE
29;49;Seyssinet-Pariset Cimetière / Seyssins Clinique du Dauphiné;29_0_10415_10626_9_2454.0;10415;10626;0;9;2454.0;SEYSSINS, CLINIQUE DU DAUPHINE;SEYSSINS, LE PRISME
29;49;Seyssinet-Pariset Cimetière / Seyssins Clinique du Dauphiné;29_1_10176_10186_14_4234.0;10176;10186;1;14;4234.0;SEYSSINET-PARISET, CIMETIERE;SEYSSINS, CLINIQUE - PORTAIL
29;49;Seyssinet-Pariset Cimetière / Seyssins Clinique du Dauphiné;29_1_10176_10415_13_4163.0;10176;10415;1;13;4163.0;SEYSSINET-PARISET, CIMETIERE;SEYSSINS, CLINIQUE DU DAUPHINE
29;49;Seyssinet-Pariset Cimetière / Seyssins Clinique du Dauphiné;29_1_10626_10415_10_3137.0;10626;10415;1;10;3137.0;SEYSSINS, LE PRISME;SEYSSINS, CLINIQUE DU DAUPHINE
29;49;Seyssinet-Pariset Cimetière / Seyssins Clinique du Dauphiné;29_1_10626_10556_11_5013.0;10626;10556;1;11;5013.0;SEYSSINS, LE PRISME;SEYSSINET-PARISET, PARISET
30;50;Sassenage Les Côtes / Fontaine La Poya;30_0_10169_10243_11_2689.0;10169;10243;0;11;2689.0;SASSENAGE, CHATEAU DE SASSENAGE;SASSENAGE, LA DENT DU LOUP
30;50;Sassenage Les Côtes / Fontaine La Poya;30_0_10403_10224_15_2478.0;10403;10224;0;15;2478.0;FONTAINE, LA POYA;SASSENAGE, LES COTES
30;50;Sassenage Les Côtes / Fontaine La Poya;30_0_10403_10243_16_2814.0;10403;10243;0;16;2814.0;FONTAINE, LA POYA;SASSENAGE, LA DENT DU LOUP
30;50;Sassenage Les Côtes / Fontaine La Poya;30_1_10224_10403_15_2478.0;10224;10403;1;15;2478.0;SASSENAGE, LES COTES;FONTAINE, LA POYA
30;50;Sassenage Les Côtes / Fontaine La Poya;30_1_10243_10403_16_2814.0;10243;10403;1;16;2814.0;SASSENAGE, LA DENT DU LOUP;FONTAINE, LA POYA
31;51;Veurey-Voroize Châtelard / Saint-Égrève Gare;31_0_10271_10148_21_198.0;10271;10148;0;21;198.0;SAINT-EGREVE, SAINT-EGREVE GARE;VEUREY-VOROIZE, CHATELARD
31;51;Veurey-Voroize Châtelard / Saint-Égrève Gare;31_0_10766_10148_8_0.0;10766;10148;0;8;0.0;VEUREY-VOROIZE, LA RIVE;VEUREY-VOROIZE, CHATELARD
31;51;Veurey-Voroize Châtelard / Saint-Égrève Gare;31_1_10148_10271_21_0.0;10148;10271;1;21;0.0;VEUREY-VOROIZE, CHATELARD;SAINT-EGREVE, SAINT-EGREVE GARE
31;51;Veurey-Voroize Châtelard / Saint-Égrève Gare;31_1_10148_10766_8_0.0;10148;10766;1;8;0.0;VEUREY-VOROIZE, CHATELARD;VEUREY-VOROIZE, LA RIVE
32;54;Saint-Égrève Pont de Vence / Grenoble Oxford;32_0_10548_10150_11_3750.0;10548;10150;0;11;3750.0;GRENOBLE, OXFORD;SASSENAGE, CHATEAU DE SASSENAGE
32;54;Saint-Égrève Pont de Vence / Grenoble Oxford;32_0_10548_10633_18_3750.0;10548;10633;0;18;3750.0;GRENOBLE, OXFORD;SAINT-EGREVE, PONT DE VENCE
32;54;Saint-Égrève Pont de Vence / Grenoble Oxford;32_0_10548_10633_19_3750.0;10548;10633;0;19;3750.0;GRENOBLE, OXFORD;SAINT-EGREVE, PONT DE VENCE
32;54;Saint-Égrève Pont de Vence / Grenoble Oxford;32_1_10150_10548_11_3750.0;10150;10548;1;11;3750.0;SASSENAGE, CHATEAU DE SASSENAGE;GRENOBLE, OXFORD
32;54;Saint-Égrève Pont de Vence / Grenoble Oxford;32_1_10633_10548_18_3750.0;10633;10548;1;18;3750.0;SAINT-EGREVE, PONT DE VENCE;GRENOBLE, OXFORD
32;54;Saint-Égrève Pont de Vence / Grenoble Oxford;32_1_10633_10548_19_3750.0;10633;10548;1;19;3750.0;SAINT-EGREVE, PONT DE VENCE;GRENOBLE, OXFORD
33;55;Saint-Martin-le-Vinoux Hôtel de Ville / Saint-Martin-le-Vinoux Col de Clémencières;33_0_10117_10198_17_2264.0;10117;10198;0;17;2264.0;SAINT-MARTIN-LE-VINOUX, COL DE CLEMENCIERES;SAINT-MARTIN-LE-VINOUX, COLLEGE CHARTREUSE
33;55;Saint-Martin-le-Vinoux Hôtel de Ville / Saint-Martin-le-Vinoux Col de Clémencières;33_0_10117_10471_16_626.0;10117;10471;0;16;626.0;SAINT-MARTIN-LE-VINOUX, COL DE CLEMENCIERES;SAINT-MARTIN-LE-VINOUX, SAINT-MARTIN-LE-VINOUX HOTEL DE VILLE
33;55;Saint-Martin-le-Vinoux Hôtel de Ville / Saint-Martin-le-Vinoux Col de Clémencières;33_0_10117_10471_9_0.0;10117;10471;0;9;0.0;SAINT-MARTIN-LE-VINOUX, COL DE CLEMENCIERES;SAINT-MARTIN-LE-VINOUX, SAINT-MARTIN-LE-VINOUX HOTEL DE VILLE
33;55;Saint-Martin-le-Vinoux Hôtel de Ville / Saint-Martin-le-Vinoux Col de Clémencières;33_1_10198_10117_17_2264.0;10198;10117;1;17;2264.0;SAINT-MARTIN-LE-VINOUX, COLLEGE CHARTREUSE;SAINT-MARTIN-LE-VINOUX, COL DE CLEMENCIERES
33;55;Saint-Martin-le-Vinoux Hôtel de Ville / Saint-Martin-le-Vinoux Col de Clémencières;33_1_10198_10637_19_3800.0;10198;10637;1;19;3800.0;SAINT-MARTIN-LE-VINOUX, COLLEGE CHARTREUSE;QUAIX-EN-CHARTREUSE, LA FRETTE
33;55;Saint-Martin-le-Vinoux Hôtel de Ville / Saint-Martin-le-Vinoux Col de Clémencières;33_1_10471_10117_16_626.0;10471;10117;1;16;626.0;SAINT-MARTIN-LE-VINOUX, SAINT-MARTIN-LE-VINOUX HOTEL DE VILLE;SAINT-MARTIN-LE-VINOUX, COL DE CLEMENCIERES
33;55;Saint-Martin-le-Vinoux Hôtel de Ville / Saint-Martin-le-Vinoux Col de Clémencières;33_1_10471_10117_9_0.0;10471;10117;1;9;0.0;SAINT-MARTIN-LE-VINOUX, SAINT-MARTIN-LE-VINOUX HOTEL DE VILLE;SAINT-MARTIN-LE-VINOUX, COL DE CLEMENCIERES
33;55;Saint-Martin-le-Vinoux Hôtel de Ville / Saint-Martin-le-Vinoux Col de Clémencières;33_1_10471_10637_18_2162.0;10471;10637;1;18;2162.0;SAINT-MARTIN-LE-VINOUX, SAINT-MARTIN-LE-VINOUX HOTEL DE VILLE;QUAIX-EN-CHARTREUSE, LA FRETTE
34;56;Quaix-en-Chartreuse La Cime de Mont-Quaix / Grenoble Casamaures - Village;34_0_10114_10117_15_746.0;10114;10117;0;15;746.0;GRENOBLE, CASAMAURES - VILLAGE;SAINT-MARTIN-LE-VINOUX, COL DE CLEMENCIERES
34;56;Quaix-en-Chartreuse La Cime de Mont-Quaix / Grenoble Casamaures - Village;34_0_10114_10174_21_4290.0;10114;10174;0;21;4290.0;GRENOBLE, CASAMAURES - VILLAGE;QUAIX-EN-CHARTREUSE, LA CIME DE MONT-QUAIX
34;56;Quaix-en-Chartreuse La Cime de Mont-Quaix / Grenoble Casamaures - Village;34_0_10198_10117_17_1837.0;10198;10117;0;17;1837.0;SAINT-MARTIN-LE-VINOUX, COLLEGE CHARTREUSE;SAINT-MARTIN-LE-VINOUX, COL DE CLEMENCIERES
34;56;Quaix-en-Chartreuse La Cime de Mont-Quaix / Grenoble Casamaures - Village;34_1_10117_10114_15_746.0;10117;10114;1;15;746.0;SAINT-MARTIN-LE-VINOUX, COL DE CLEMENCIERES;GRENOBLE, CASAMAURES - VILLAGE
34;56;Quaix-en-Chartreuse La Cime de Mont-Quaix / Grenoble Casamaures - Village;34_1_10117_10198_17_1837.0;10117;10198;1;17;1837.0;SAINT-MARTIN-LE-VINOUX, COL DE CLEMENCIERES;SAINT-MARTIN-LE-VINOUX, COLLEGE CHARTREUSE
34;56;Quaix-en-Chartreuse La Cime de Mont-Quaix / Grenoble Casamaures - Village;34_1_10174_10114_21_4290.0;10174;10114;1;21;4290.0;QUAIX-EN-CHARTREUSE, LA CIME DE MONT-QUAIX;GRENOBLE, CASAMAURES - VILLAGE
35;59;Gières Gare - Chamandier / Saint-Martin-d'Uriage La Ronzière / Hautes Vues;35_0_10346_10376_21_11632.0;10346;10376;0;21;11632.0;SAINT-MARTIN-D'URIAGE, HAUTES VUES;GIERES, GIERES GARE - CHAMANDIER
35;59;Gières Gare - Chamandier / Saint-Martin-d'Uriage La Ronzière / Hautes Vues;35_0_10346_10376_32_7823.0;10346;10376;0;32;7823.0;SAINT-MARTIN-D'URIAGE, HAUTES VUES;GIERES, GIERES GARE - CHAMANDIER
35;59;Gières Gare - Chamandier / Saint-Martin-d'Uriage La Ronzière / Hautes Vues;35_0_10346_10376_33_7823.0;10346;10376;0;33;7823.0;SAINT-MARTIN-D'URIAGE, HAUTES VUES;GIERES, GIERES GARE - CHAMANDIER
35;59;Gières Gare - Chamandier / Saint-Martin-d'Uriage La Ronzière / Hautes Vues;35_0_10583_10376_18_1123.0;10583;10376;0;18;1123.0;SAINT-MARTIN-D'URIAGE, LE PINET D'URIAGE;GIERES, GIERES GARE - CHAMANDIER
35;59;Gières Gare - Chamandier / Saint-Martin-d'Uriage La Ronzière / Hautes Vues;35_0_10634_10376_15_0.0;10634;10376;0;15;0.0;VENON, LES PUIS;GIERES, GIERES GARE - CHAMANDIER
35;59;Gières Gare - Chamandier / Saint-Martin-d'Uriage La Ronzière / Hautes Vues;35_0_10634_10376_16_0.0;10634;10376;0;16;0.0;VENON, LES PUIS;GIERES, GIERES GARE - CHAMANDIER
35;59;Gières Gare - Chamandier / Saint-Martin-d'Uriage La Ronzière / Hautes Vues;35_1_10376_10376_36_8221.0;10376;10376;1;36;8221.0;GIERES, GIERES GARE - CHAMANDIER;GIERES, GIERES GARE - CHAMANDIER
35;59;Gières Gare - Chamandier / Saint-Martin-d'Uriage La Ronzière / Hautes Vues;35_1_10376_10376_48_8221.0;10376;10376;1;48;8221.0;GIERES, GIERES GARE - CHAMANDIER;GIERES, GIERES GARE - CHAMANDIER
35;59;Gières Gare - Chamandier / Saint-Martin-d'Uriage La Ronzière / Hautes Vues;35_1_10376_10376_49_8221.0;10376;10376;1;49;8221.0;GIERES, GIERES GARE - CHAMANDIER;GIERES, GIERES GARE - CHAMANDIER
35;59;Gières Gare - Chamandier / Saint-Martin-d'Uriage La Ronzière / Hautes Vues;35_1_10376_10583_22_2051.0;10376;10583;1;22;2051.0;GIERES, GIERES GARE - CHAMANDIER;SAINT-MARTIN-D'URIAGE, LE PINET D'URIAGE
35;59;Gières Gare - Chamandier / Saint-Martin-d'Uriage La Ronzière / Hautes Vues;35_1_10376_10634_15_0.0;10376;10634;1;15;0.0;GIERES, GIERES GARE - CHAMANDIER;VENON, LES PUIS
35;59;Gières Gare - Chamandier / Saint-Martin-d'Uriage La Ronzière / Hautes Vues;35_1_10376_10634_16_0.0;10376;10634;1;16;0.0;GIERES, GIERES GARE - CHAMANDIER;VENON, LES PUIS
35;59;Gières Gare - Chamandier / Saint-Martin-d'Uriage La Ronzière / Hautes Vues;35_1_10376_10665_20_7529.0;10376;10665;1;20;7529.0;GIERES, GIERES GARE - CHAMANDIER;SAINT-MARTIN-D'URIAGE, LA RONZIERE
35;59;Gières Gare - Chamandier / Saint-Martin-d'Uriage La Ronzière / Hautes Vues;35_1_10376_10665_32_7529.0;10376;10665;1;32;7529.0;GIERES, GIERES GARE - CHAMANDIER;SAINT-MARTIN-D'URIAGE, LA RONZIERE
35;59;Gières Gare - Chamandier / Saint-Martin-d'Uriage La Ronzière / Hautes Vues;35_1_10376_10665_33_7529.0;10376;10665;1;33;7529.0;GIERES, GIERES GARE - CHAMANDIER;SAINT-MARTIN-D'URIAGE, LA RONZIERE
36;60;Proveysieux Planfay Haut / Saint-Égrève Muret;36_0_10524_10593_20_6983.0;10524;10593;0;20;6983.0;SAINT-EGREVE, MURET;PROVEYSIEUX, PLANFAY HAUT
36;60;Proveysieux Planfay Haut / Saint-Égrève Muret;36_1_10593_10290_20_8112.0;10593;10290;1;20;8112.0;PROVEYSIEUX, PLANFAY HAUT;SAINT-EGREVE, CHEMIN FIANCEY
37;61;Quaix-en-Chartreuse Village / Saint-Égrève Muret;37_0_10524_10258_13_4381.0;10524;10258;0;13;4381.0;SAINT-EGREVE, MURET;QUAIX-EN-CHARTREUSE, QUAIX-EN-CHARTREUSE VILLAGE
37;61;Quaix-en-Chartreuse Village / Saint-Égrève Muret;37_1_10258_10290_13_5766.0;10258;10290;1;13;5766.0;QUAIX-EN-CHARTREUSE, QUAIX-EN-CHARTREUSE VILLAGE;SAINT-EGREVE, CHEMIN FIANCEY
38;N62;Grenoble Notre-Dame - Musée / Sarcenas Pont du Croz / Col de Porte;38_0_10719_10205_22_9246.0;10719;10205;0;22;9246.0;LA TRONCHE, SAINT-GERMAIN;SARCENAS, COL DE PORTE
38;N62;Grenoble Notre-Dame - Musée / Sarcenas Pont du Croz / Col de Porte;38_0_10719_10404_23_9791.0;10719;10404;0;23;9791.0;LA TRONCHE, SAINT-GERMAIN;SARCENAS, LA PRAIRIE
38;N62;Grenoble Notre-Dame - Musée / Sarcenas Pont du Croz / Col de Porte;38_0_10719_10689_23_8314.0;10719;10689;0;23;8314.0;LA TRONCHE, SAINT-GERMAIN;SARCENAS, PONT DU CROZ
38;N62;Grenoble Notre-Dame - Musée / Sarcenas Pont du Croz / Col de Porte;38_1_10205_10779_23_10059.0;10205;10779;1;23;10059.0;SARCENAS, COL DE PORTE;GRENOBLE, XAVIER JOUVIN
38;N62;Grenoble Notre-Dame - Musée / Sarcenas Pont du Croz / Col de Porte;38_1_10404_10779_24_10604.0;10404;10779;1;24;10604.0;SARCENAS, LA PRAIRIE;GRENOBLE, XAVIER JOUVIN
38;N62;Grenoble Notre-Dame - Musée / Sarcenas Pont du Croz / Col de Porte;38_1_10689_10779_24_9127.0;10689;10779;1;24;9127.0;SARCENAS, PONT DU CROZ;GRENOBLE, XAVIER JOUVIN
39;63;Mont-Saint-Martin Chemin de Namière / Saint-Égrève Gare;39_0_10271_10530_10_2426.0;10271;10530;0;10;2426.0;SAINT-EGREVE, SAINT-EGREVE GARE;MONT-SAINT-MARTIN, CHEMIN DE NAMIERE
39;63;Mont-Saint-Martin Chemin de Namière / Saint-Égrève Gare;39_1_10530_10271_10_2426.0;10530;10271;1;10;2426.0;MONT-SAINT-MARTIN, CHEMIN DE NAMIERE;SAINT-EGREVE, SAINT-EGREVE GARE
40;64;Le Pont-de-Claix ZI des Îles / Le Pont-de-Claix L'Etoile;40_0_10453_10453_7_2007.0;10453;10453;0;7;2007.0;LE PONT-DE-CLAIX, L'ETOILE;LE PONT-DE-CLAIX, L'ETOILE
41;65;Grenoble Grand'place / Vizille Le Péage;41_0_10565_10327_24_12528.0;10565;10327;0;24;12528.0;VIZILLE, LE PEAGE;GRENOBLE, GRAND'PLACE
41;65;Grenoble Grand'place / Vizille Le Péage;41_1_10327_10565_24_12528.0;10327;10565;1;24;12528.0;GRENOBLE, GRAND'PLACE;VIZILLE, LE PEAGE
42;66;Jarrie Clos Jouvin / Échirolles La Rampe - Centre-Ville;42_0_10600_10191_19_7859.0;10600;10191;0;19;7859.0;ECHIROLLES, ANTOINE POLOTTI;JARRIE, CLOS JOUVIN
42;66;Jarrie Clos Jouvin / Échirolles La Rampe - Centre-Ville;42_0_10600_10191_20_8630.0;10600;10191;0;20;8630.0;ECHIROLLES, ANTOINE POLOTTI;JARRIE, CLOS JOUVIN
42;66;Jarrie Clos Jouvin / Échirolles La Rampe - Centre-Ville;42_1_10191_10242_16_8839.0;10191;10242;1;16;8839.0;JARRIE, CLOS JOUVIN;ECHIROLLES, DENIS PAPIN
43;67;Grenoble Grand'place / Herbeys Le Bourg;43_0_10348_10164_2_758.0;10348;10164;0;2;758.0;HERBEYS, HERBEYS LE BOURG;BRIE-ET-ANGONNES, LE CHOLLET
43;67;Grenoble Grand'place / Herbeys Le Bourg;43_0_10348_10202_15_6719.0;10348;10202;0;15;6719.0;HERBEYS, HERBEYS LE BOURG;EYBENS, COLLEGE DES SAULES
43;67;Grenoble Grand'place / Herbeys Le Bourg;43_0_10348_10327_14_5867.0;10348;10327;0;14;5867.0;HERBEYS, HERBEYS LE BOURG;GRENOBLE, GRAND'PLACE
43;67;Grenoble Grand'place / Herbeys Le Bourg;43_1_10202_10164_15_7466.0;10202;10164;1;15;7466.0;EYBENS, COLLEGE DES SAULES;BRIE-ET-ANGONNES, LE CHOLLET
43;67;Grenoble Grand'place / Herbeys Le Bourg;43_1_10202_10348_14_6708.0;10202;10348;1;14;6708.0;EYBENS, COLLEGE DES SAULES;HERBEYS, HERBEYS LE BOURG
43;67;Grenoble Grand'place / Herbeys Le Bourg;43_1_10327_10164_14_6614.0;10327;10164;1;14;6614.0;GRENOBLE, GRAND'PLACE;BRIE-ET-ANGONNES, LE CHOLLET
43;67;Grenoble Grand'place / Herbeys Le Bourg;43_1_10327_10348_13_5856.0;10327;10348;1;13;5856.0;GRENOBLE, GRAND'PLACE;HERBEYS, HERBEYS LE BOURG
44;68;Eybens Le Verderet / ÉCHIROLLES La Rampe - Centre-Ville;44_0_10600_10092_11_379.0;10600;10092;0;11;379.0;ECHIROLLES, ANTOINE POLOTTI;BRESSON, BRESSON MAIRIE
44;68;Eybens Le Verderet / ÉCHIROLLES La Rampe - Centre-Ville;44_0_10600_10758_13_734.0;10600;10758;0;13;734.0;ECHIROLLES, ANTOINE POLOTTI;EYBENS, LE VERDERET
44;68;Eybens Le Verderet / ÉCHIROLLES La Rampe - Centre-Ville;44_0_10600_10758_14_734.0;10600;10758;0;14;734.0;ECHIROLLES, ANTOINE POLOTTI;EYBENS, LE VERDERET
44;68;Eybens Le Verderet / ÉCHIROLLES La Rampe - Centre-Ville;44_1_10758_10600_13_574.0;10758;10600;1;13;574.0;EYBENS, LE VERDERET;ECHIROLLES, ANTOINE POLOTTI
44;68;Eybens Le Verderet / ÉCHIROLLES La Rampe - Centre-Ville;44_1_10758_10600_14_574.0;10758;10600;1;14;574.0;EYBENS, LE VERDERET;ECHIROLLES, ANTOINE POLOTTI
45;70;Champ-sur-Drac La Melle / Montchaboud Le Village;45_0_10513_10396_23_12084.0;10513;10396;0;23;12084.0;MONTCHABOUD, MONTCHABOUD LE VILLAGE;CHAMP-SUR-DRAC, LA MELLE
45;70;Champ-sur-Drac La Melle / Montchaboud Le Village;45_0_10513_10464_13_5221.0;10513;10464;0;13;5221.0;MONTCHABOUD, MONTCHABOUD LE VILLAGE;VIZILLE, VIZILLE LYCEE
45;70;Champ-sur-Drac La Melle / Montchaboud Le Village;45_1_10138_10513_4_1904.0;10138;10513;1;4;1904.0;VIZILLE, CHANTEFEUILLE;MONTCHABOUD, MONTCHABOUD LE VILLAGE
45;70;Champ-sur-Drac La Melle / Montchaboud Le Village;45_1_10396_10138_19_9351.0;10396;10138;1;19;9351.0;CHAMP-SUR-DRAC, LA MELLE;VIZILLE, CHANTEFEUILLE
45;70;Champ-sur-Drac La Melle / Montchaboud Le Village;45_1_10396_10144_11_6869.0;10396;10144;1;11;6869.0;CHAMP-SUR-DRAC, LA MELLE;VIZILLE, PLACE DU CHATEAU
45;70;Champ-sur-Drac La Melle / Montchaboud Le Village;45_1_10396_10513_22_11255.0;10396;10513;1;22;11255.0;CHAMP-SUR-DRAC, LA MELLE;MONTCHABOUD, MONTCHABOUD LE VILLAGE
46;71;Jarrie Gare / Champagnier Place du Laca;46_0_10584_10313_10_6689.0;10584;10313;0;10;6689.0;CHAMPAGNIER, PLACE DU LACA;CHAMP-SUR-DRAC, JARRIE GARE
46;71;Jarrie Gare / Champagnier Place du Laca;46_1_10313_10584_10_6689.0;10313;10584;1;10;6689.0;CHAMP-SUR-DRAC, JARRIE GARE;CHAMPAGNIER, PLACE DU LACA
47;73;Vif Mairie / Notre-Dame-de-Commiers Le Village;47_0_10533_10494_11_6889.0;10533;10494;0;11;6889.0;NOTRE-DAME-DE-COMMIERS, NOTRE-DAME-DE-COMMIERS LE VILLAGE;VIF, LE MASSEGU
47;73;Vif Mairie / Notre-Dame-de-Commiers Le Village;47_0_10533_10520_3_700.0;10533;10520;0;3;700.0;NOTRE-DAME-DE-COMMIERS, NOTRE-DAME-DE-COMMIERS LE VILLAGE;NOTRE-DAME-DE-COMMIERS, LE MOULIN
47;73;Vif Mairie / Notre-Dame-de-Commiers Le Village;47_0_10533_10771_16_9346.0;10533;10771;0;16;9346.0;NOTRE-DAME-DE-COMMIERS, NOTRE-DAME-DE-COMMIERS LE VILLAGE;VIF, VIF MAIRIE
47;73;Vif Mairie / Notre-Dame-de-Commiers Le Village;47_1_10494_10520_13_7589.0;10494;10520;1;13;7589.0;VIF, LE MASSEGU;NOTRE-DAME-DE-COMMIERS, LE MOULIN
47;73;Vif Mairie / Notre-Dame-de-Commiers Le Village;47_1_10533_10560_16_14803.0;10533;10560;1;16;14803.0;NOTRE-DAME-DE-COMMIERS, NOTRE-DAME-DE-COMMIERS LE VILLAGE;NOTRE-DAME-DE-COMMIERS, LES PAUTTATS
47;73;Vif Mairie / Notre-Dame-de-Commiers Le Village;47_1_10771_10520_18_10046.0;10771;10520;1;18;10046.0;VIF, VIF MAIRIE;NOTRE-DAME-DE-COMMIERS, LE MOULIN
47;73;Vif Mairie / Notre-Dame-de-Commiers Le Village;47_1_10771_10533_16_9346.0;10771;10533;1;16;9346.0;VIF, VIF MAIRIE;NOTRE-DAME-DE-COMMIERS, NOTRE-DAME-DE-COMMIERS LE VILLAGE
48;A;Fontaine La Poya / Le Pont-de-Claix L'Etoile;48_0_10327_10403_20_8447.0;10327;10403;0;20;8447.0;GRENOBLE, GRAND'PLACE;FONTAINE, LA POYA
48;A;Fontaine La Poya / Le Pont-de-Claix L'Etoile;48_0_10453_10071_26_10028.0;10453;10071;0;26;10028.0;LE PONT-DE-CLAIX, L'ETOILE;GRENOBLE, BERRIAT - LE MAGASIN
48;A;Fontaine La Poya / Le Pont-de-Claix L'Etoile;48_0_10453_10403_31_12880.0;10453;10403;0;31;12880.0;LE PONT-DE-CLAIX, L'ETOILE;FONTAINE, LA POYA
48;A;Fontaine La Poya / Le Pont-de-Claix L'Etoile;48_0_10453_10599_11_4184.0;10453;10599;0;11;4184.0;LE PONT-DE-CLAIX, L'ETOILE;GRENOBLE, POLESUD - ALPEXPO
48;A;Fontaine La Poya / Le Pont-de-Claix L'Etoile;48_0_10478_10403_17_7283.0;10478;10403;0;17;7283.0;GRENOBLE, MALHERBE;FONTAINE, LA POYA
48;A;Fontaine La Poya / Le Pont-de-Claix L'Etoile;48_1_10071_10327_15_5595.0;10071;10327;1;15;5595.0;GRENOBLE, BERRIAT - LE MAGASIN;GRENOBLE, GRAND'PLACE
48;A;Fontaine La Poya / Le Pont-de-Claix L'Etoile;48_1_10071_10453_26_10028.0;10071;10453;1;26;10028.0;GRENOBLE, BERRIAT - LE MAGASIN;LE PONT-DE-CLAIX, L'ETOILE
48;A;Fontaine La Poya / Le Pont-de-Claix L'Etoile;48_1_10327_10453_12_4433.0;10327;10453;1;12;4433.0;GRENOBLE, GRAND'PLACE;LE PONT-DE-CLAIX, L'ETOILE
48;A;Fontaine La Poya / Le Pont-de-Claix L'Etoile;48_1_10403_10327_20_8447.0;10403;10327;1;20;8447.0;FONTAINE, LA POYA;GRENOBLE, GRAND'PLACE
48;A;Fontaine La Poya / Le Pont-de-Claix L'Etoile;48_1_10403_10453_31_12880.0;10403;10453;1;31;12880.0;FONTAINE, LA POYA;LE PONT-DE-CLAIX, L'ETOILE
48;A;Fontaine La Poya / Le Pont-de-Claix L'Etoile;48_1_10403_10478_17_7283.0;10403;10478;1;17;7283.0;FONTAINE, LA POYA;GRENOBLE, MALHERBE
48;A;Fontaine La Poya / Le Pont-de-Claix L'Etoile;48_1_10599_10453_11_4184.0;10599;10453;1;11;4184.0;GRENOBLE, POLESUD - ALPEXPO;LE PONT-DE-CLAIX, L'ETOILE
49;B;Grenoble Oxford / Gières Plaine des Sports;49_0_10589_10548_22_9682.0;10589;10548;0;22;9682.0;GIERES, PLAINE DES SPORTS;GRENOBLE, OXFORD
49;B;Grenoble Oxford / Gières Plaine des Sports;49_1_10548_10589_22_9682.0;10548;10589;1;22;9682.0;GRENOBLE, OXFORD;GIERES, PLAINE DES SPORTS
50;C;Seyssins Le Prisme / Saint-Martin-d'Hères Université - Condillac;50_0_10215_10626_19_8825.0;10215;10626;0;19;8825.0;SAINT-MARTIN-D'HERES, UNIVERSITE - CONDILLAC;SEYSSINS, LE PRISME
50;C;Seyssins Le Prisme / Saint-Martin-d'Hères Université - Condillac;50_0_10589_10626_22_10166.0;10589;10626;0;22;10166.0;GIERES, PLAINE DES SPORTS;SEYSSINS, LE PRISME
50;C;Seyssins Le Prisme / Saint-Martin-d'Hères Université - Condillac;50_1_10626_10215_19_8825.0;10626;10215;1;19;8825.0;SEYSSINS, LE PRISME;SAINT-MARTIN-D'HERES, UNIVERSITE - CONDILLAC
50;C;Seyssins Le Prisme / Saint-Martin-d'Hères Université - Condillac;50_1_10626_10589_22_10166.0;10626;10589;1;22;10166.0;SEYSSINS, LE PRISME;GIERES, PLAINE DES SPORTS
51;D;Grenoble Gares / Saint-Martin-d'Hères Etienne Grappe;51_0_10282_10312_16_6754.0;10282;10312;0;16;6754.0;SAINT-MARTIN-D'HERES, ETIENNE GRAPPE;GRENOBLE, GARES
51;D;Grenoble Gares / Saint-Martin-d'Hères Etienne Grappe;51_0_10589_10282_12_5113.0;10589;10282;0;12;5113.0;GIERES, PLAINE DES SPORTS;SAINT-MARTIN-D'HERES, ETIENNE GRAPPE
51;D;Grenoble Gares / Saint-Martin-d'Hères Etienne Grappe;51_0_10589_10312_17_7225.0;10589;10312;0;17;7225.0;GIERES, PLAINE DES SPORTS;GRENOBLE, GARES
51;D;Grenoble Gares / Saint-Martin-d'Hères Etienne Grappe;51_1_10282_10589_12_5113.0;10282;10589;1;12;5113.0;SAINT-MARTIN-D'HERES, ETIENNE GRAPPE;GIERES, PLAINE DES SPORTS
51;D;Grenoble Gares / Saint-Martin-d'Hères Etienne Grappe;51_1_10312_10282_16_6754.0;10312;10282;1;16;6754.0;GRENOBLE, GARES;SAINT-MARTIN-D'HERES, ETIENNE GRAPPE
51;D;Grenoble Gares / Saint-Martin-d'Hères Etienne Grappe;51_1_10312_10589_17_7225.0;10312;10589;1;17;7225.0;GRENOBLE, GARES;GIERES, PLAINE DES SPORTS
52;E;Fontanil-Cornillon Palluel / Grenoble Louise Michel;52_0_10459_10304_17_11009.0;10459;10304;0;17;11009.0;GRENOBLE, LOUISE MICHEL;FONTANIL-CORNILLON, PALLUEL
52;E;Fontanil-Cornillon Palluel / Grenoble Louise Michel;52_0_10589_10216_15_6959.0;10589;10216;0;15;6959.0;GIERES, PLAINE DES SPORTS;GRENOBLE, CONDORCET
52;E;Fontanil-Cornillon Palluel / Grenoble Louise Michel;52_0_10589_10304_28_16164.0;10589;10304;0;28;16164.0;GIERES, PLAINE DES SPORTS;FONTANIL-CORNILLON, PALLUEL
52;E;Fontanil-Cornillon Palluel / Grenoble Louise Michel;52_1_10216_10459_4_1804.0;10216;10459;1;4;1804.0;GRENOBLE, CONDORCET;GRENOBLE, LOUISE MICHEL
52;E;Fontanil-Cornillon Palluel / Grenoble Louise Michel;52_1_10293_10589_14_6333.0;10293;10589;1;14;6333.0;GRENOBLE, FOCH - FERRIE;GIERES, PLAINE DES SPORTS
52;E;Fontanil-Cornillon Palluel / Grenoble Louise Michel;52_1_10304_10459_17_11009.0;10304;10459;1;17;11009.0;FONTANIL-CORNILLON, PALLUEL;GRENOBLE, LOUISE MICHEL
52;E;Fontanil-Cornillon Palluel / Grenoble Louise Michel;52_1_10304_10589_28_16164.0;10304;10589;1;28;16164.0;FONTANIL-CORNILLON, PALLUEL;GIERES, PLAINE DES SPORTS
53;NAVA;Fontaine La Poya / Le Pont-de-Claix L'Etoile;53_0_10300_10403_6_2290.0;10300;10403;0;6;2290.0;LES FONTAINADES - LE VOG;FONTAINE, LA POYA
53;NAVA;Fontaine La Poya / Le Pont-de-Claix L'Etoile;53_0_10327_10478_6_1373.0;10327;10478;0;6;1373.0;GRENOBLE, GRAND'PLACE;GRENOBLE, MALHERBE
53;NAVA;Fontaine La Poya / Le Pont-de-Claix L'Etoile;53_1_10334_10327_6_933.0;10334;10327;1;6;933.0;GRENOBLE, LA BRUYERE;GRENOBLE, GRAND'PLACE
53;NAVA;Fontaine La Poya / Le Pont-de-Claix L'Etoile;53_1_10403_10300_6_2290.0;10403;10300;1;6;2290.0;FONTAINE, LA POYA;LES FONTAINADES - LE VOG
54;NAVE;Fontanil-Cornillon Palluel / Grenoble Louise Michel;54_0_10019_10304_17_8067.0;10019;10304;0;17;8067.0;GRENOBLE, ALLIES;FONTANIL-CORNILLON, PALLUEL
54;NAVE;Fontanil-Cornillon Palluel / Grenoble Louise Michel;54_1_10304_10019_17_7768.0;10304;10019;1;17;7768.0;FONTANIL-CORNILLON, PALLUEL;GRENOBLE, ALLIES
